{"images/advert_close.png":["images/advert_close.png"],"images/alert_close.png":["images/alert_close.png"],"images/alipay.png":["images/alipay.png"],"images/allscreen.png":["images/allscreen.png"],"images/avatar_selected.png":["images/avatar_selected.png"],"images/back.png":["images/back.png"],"images/back_white.png":["images/back_white.png"],"images/change_player.png":["images/change_player.png"],"images/close.png":["images/close.png"],"images/collect.png":["images/collect.png"],"images/comment_reply_count.png":["images/comment_reply_count.png"],"images/comment_right_arrow.png":["images/comment_right_arrow.png"],"images/continue_play.png":["images/continue_play.png"],"images/dark/dark_alert_close.png":["images/dark/dark_alert_close.png"],"images/dark/dark_back.png":["images/dark/dark_back.png"],"images/dark/dark_collect.png":["images/dark/dark_collect.png"],"images/dark/dark_comment_reply_count.png":["images/dark/dark_comment_reply_count.png"],"images/dark/dark_empty_search.png":["images/dark/dark_empty_search.png"],"images/dark/dark_find_check.png":["images/dark/dark_find_check.png"],"images/dark/dark_find_uncheck.png":["images/dark/dark_find_uncheck.png"],"images/dark/dark_home_check.png":["images/dark/dark_home_check.png"],"images/dark/dark_home_download.png":["images/dark/dark_home_download.png"],"images/dark/dark_home_history.png":["images/dark/dark_home_history.png"],"images/dark/dark_home_uncheck.png":["images/dark/dark_home_uncheck.png"],"images/dark/dark_home_weekday.png":["images/dark/dark_home_weekday.png"],"images/dark/dark_img_loading.png":["images/dark/dark_img_loading.png"],"images/dark/dark_is_collect.png":["images/dark/dark_is_collect.png"],"images/dark/dark_mine_check.png":["images/dark/dark_mine_check.png"],"images/dark/dark_mine_collect.png":["images/dark/dark_mine_collect.png"],"images/dark/dark_mine_download.png":["images/dark/dark_mine_download.png"],"images/dark/dark_mine_download_pause.png":["images/dark/dark_mine_download_pause.png"],"images/dark/dark_mine_downloading.png":["images/dark/dark_mine_downloading.png"],"images/dark/dark_mine_header_huangguan.png":["images/dark/dark_mine_header_huangguan.png"],"images/dark/dark_mine_leave_msg.png":["images/dark/dark_mine_leave_msg.png"],"images/dark/dark_mine_message.png":["images/dark/dark_mine_message.png"],"images/dark/dark_mine_next.png":["images/dark/dark_mine_next.png"],"images/dark/dark_mine_setting.png":["images/dark/dark_mine_setting.png"],"images/dark/dark_mine_share.png":["images/dark/dark_mine_share.png"],"images/dark/dark_mine_uncheck.png":["images/dark/dark_mine_uncheck.png"],"images/dark/dark_network_error.png":["images/dark/dark_network_error.png"],"images/dark/dark_password_hidden.png":["images/dark/dark_password_hidden.png"],"images/dark/dark_password_visible.png":["images/dark/dark_password_visible.png"],"images/dark/dark_push_screen_help_01.png":["images/dark/dark_push_screen_help_01.png"],"images/dark/dark_push_screen_help_02.png":["images/dark/dark_push_screen_help_02.png"],"images/dark/dark_rank_check.png":["images/dark/dark_rank_check.png"],"images/dark/dark_rank_default.png":["images/dark/dark_rank_default.png"],"images/dark/dark_rank_uncheck.png":["images/dark/dark_rank_uncheck.png"],"images/dark/dark_rights_1.png":["images/dark/dark_rights_1.png"],"images/dark/dark_rights_2.png":["images/dark/dark_rights_2.png"],"images/dark/dark_rights_3.png":["images/dark/dark_rights_3.png"],"images/dark/dark_rights_4.png":["images/dark/dark_rights_4.png"],"images/dark/dark_sea_bt.png":["images/dark/dark_sea_bt.png"],"images/dark/dark_sea_clear.png":["images/dark/dark_sea_clear.png"],"images/dark/dark_sea_delete.png":["images/dark/dark_sea_delete.png"],"images/dark/dark_search_top.png":["images/dark/dark_search_top.png"],"images/dark/dark_search_topic_right_arrow.png":["images/dark/dark_search_topic_right_arrow.png"],"images/dark/dark_super_item_bg.png":["images/dark/dark_super_item_bg.png"],"images/dark/dark_super_item_select.png":["images/dark/dark_super_item_select.png"],"images/dark/dark_top.png":["images/dark/dark_top.png"],"images/dark/dark_top_notice_bg.png":["images/dark/dark_top_notice_bg.png"],"images/dark/dark_upgrade_bg.png":["images/dark/dark_upgrade_bg.png"],"images/dark/dark_v_cuigeng.png":["images/dark/dark_v_cuigeng.png"],"images/dark/dark_v_detail_download.png":["images/dark/dark_v_detail_download.png"],"images/dark/dark_v_detail_player.png":["images/dark/dark_v_detail_player.png"],"images/dark/dark_v_detail_share.png":["images/dark/dark_v_detail_share.png"],"images/dark/dark_vertical_dm_change_color_close.png":["images/dark/dark_vertical_dm_change_color_close.png"],"images/dark/dark_vertical_dm_change_color_open.png":["images/dark/dark_vertical_dm_change_color_open.png"],"images/dark/dark_vertical_dm_send_disabled.png":["images/dark/dark_vertical_dm_send_disabled.png"],"images/dark/dark_vertical_dm_send_enabled.png":["images/dark/dark_vertical_dm_send_enabled.png"],"images/dark/dark_video_detail_vertical_dm_close.png":["images/dark/dark_video_detail_vertical_dm_close.png"],"images/dark/dark_video_detail_vertical_dm_open.png":["images/dark/dark_video_detail_vertical_dm_open.png"],"images/default_avatar.png":["images/default_avatar.png"],"images/dm_settings.png":["images/dm_settings.png"],"images/download_error.png":["images/download_error.png"],"images/download_yes.png":["images/download_yes.png"],"images/downloading.png":["images/downloading.png"],"images/empty_search.png":["images/empty_search.png"],"images/find_check.png":["images/find_check.png"],"images/find_uncheck.png":["images/find_uncheck.png"],"images/full_screen_share_link.png":["images/full_screen_share_link.png"],"images/full_screen_share_poster.png":["images/full_screen_share_poster.png"],"images/full_screen_zoom_plus.png":["images/full_screen_zoom_plus.png"],"images/gold.png":["images/gold.png"],"images/home_check.png":["images/home_check.png"],"images/home_download.png":["images/home_download.png"],"images/home_history.png":["images/home_history.png"],"images/home_uncheck.png":["images/home_uncheck.png"],"images/home_weekday.png":["images/home_weekday.png"],"images/hot.png":["images/hot.png"],"images/icon_datanet.png":["images/icon_datanet.png"],"images/icon_history.png":["images/icon_history.png"],"images/icon_power.png":["images/icon_power.png"],"images/icon_wifi.png":["images/icon_wifi.png"],"images/img_loading.png":["images/img_loading.png"],"images/is_collect.png":["images/is_collect.png"],"images/landscape_dm_change_color_open.png":["images/landscape_dm_change_color_open.png"],"images/landscape_dm_close.png":["images/landscape_dm_close.png"],"images/landscape_dm_open.png":["images/landscape_dm_open.png"],"images/landscape_lock.png":["images/landscape_lock.png"],"images/landscape_unlock.png":["images/landscape_unlock.png"],"images/leaving.png":["images/leaving.png"],"images/list_choose.png":["images/list_choose.png"],"images/list_unchoose.png":["images/list_unchoose.png"],"images/logo.png":["images/logo.png"],"images/mine_check.png":["images/mine_check.png"],"images/mine_collect.png":["images/mine_collect.png"],"images/mine_download.png":["images/mine_download.png"],"images/mine_download_pause.png":["images/mine_download_pause.png"],"images/mine_downloading.png":["images/mine_downloading.png"],"images/mine_header_bg_off_vip.png":["images/mine_header_bg_off_vip.png"],"images/mine_header_bg_on_vip.png":["images/mine_header_bg_on_vip.png"],"images/mine_header_crown.png":["images/mine_header_crown.png"],"images/mine_header_next_yellow.png":["images/mine_header_next_yellow.png"],"images/mine_header_super_vip_card_crown.png":["images/mine_header_super_vip_card_crown.png"],"images/mine_header_super_vip_next.png":["images/mine_header_super_vip_next.png"],"images/mine_header_super_vip_wallet.png":["images/mine_header_super_vip_wallet.png"],"images/mine_header_wallet.png":["images/mine_header_wallet.png"],"images/mine_leave_msg.png":["images/mine_leave_msg.png"],"images/mine_message.png":["images/mine_message.png"],"images/mine_next.png":["images/mine_next.png"],"images/mine_setting.png":["images/mine_setting.png"],"images/mine_share.png":["images/mine_share.png"],"images/mine_uncheck.png":["images/mine_uncheck.png"],"images/network_error.png":["images/network_error.png"],"images/next.png":["images/next.png"],"images/next_video.png":["images/next_video.png"],"images/password_hidden.png":["images/password_hidden.png"],"images/password_visible.png":["images/password_visible.png"],"images/pause.png":["images/pause.png"],"images/pay_choose.png":["images/pay_choose.png"],"images/pay_unchoose.png":["images/pay_unchoose.png"],"images/play.png":["images/play.png"],"images/playing.png":["images/playing.png"],"images/postcard_default.png":["images/postcard_default.png"],"images/poster_bottom.png":["images/poster_bottom.png"],"images/poster_close.png":["images/poster_close.png"],"images/poster_download.png":["images/poster_download.png"],"images/poster_qr_bg.png":["images/poster_qr_bg.png"],"images/power_light.png":["images/power_light.png"],"images/push_bt.png":["images/push_bt.png"],"images/push_screen_help_01.png":["images/push_screen_help_01.png"],"images/push_screen_help_02.png":["images/push_screen_help_02.png"],"images/push_screen_select.png":["images/push_screen_select.png"],"images/rank1.png":["images/rank1.png"],"images/rank2.png":["images/rank2.png"],"images/rank3.png":["images/rank3.png"],"images/rank4.png":["images/rank4.png"],"images/rank_check.png":["images/rank_check.png"],"images/rank_default.png":["images/rank_default.png"],"images/rank_uncheck.png":["images/rank_uncheck.png"],"images/recharge_money_bg.png":["images/recharge_money_bg.png"],"images/report_error.png":["images/report_error.png"],"images/right_arrow.png":["images/right_arrow.png"],"images/rights_1.png":["images/rights_1.png"],"images/rights_2.png":["images/rights_2.png"],"images/rights_3.png":["images/rights_3.png"],"images/rights_4.png":["images/rights_4.png"],"images/sea_bt.png":["images/sea_bt.png"],"images/sea_clear.png":["images/sea_clear.png"],"images/sea_delete.png":["images/sea_delete.png"],"images/search_empty_arrow.png":["images/search_empty_arrow.png"],"images/search_play.png":["images/search_play.png"],"images/search_top.png":["images/search_top.png"],"images/search_topic_right_arrow.png":["images/search_topic_right_arrow.png"],"images/share.png":["images/share.png"],"images/share_img.png":["images/share_img.png"],"images/share_link.png":["images/share_link.png"],"images/sort_asc.png":["images/sort_asc.png"],"images/sort_desc.png":["images/sort_desc.png"],"images/splash.png":["images/splash.png"],"images/super_item_bg.png":["images/super_item_bg.png"],"images/super_item_select.png":["images/super_item_select.png"],"images/super_open.png":["images/super_open.png"],"images/super_unopen.png":["images/super_unopen.png"],"images/super_vip_avatar_crown.png":["images/super_vip_avatar_crown.png"],"images/top.png":["images/top.png"],"images/top_notice_bg.png":["images/top_notice_bg.png"],"images/upgrade_bg.png":["images/upgrade_bg.png"],"images/v_cuigeng.png":["images/v_cuigeng.png"],"images/v_detail_download.png":["images/v_detail_download.png"],"images/v_detail_player.png":["images/v_detail_player.png"],"images/v_detail_share.png":["images/v_detail_share.png"],"images/v_info_right.png":["images/v_info_right.png"],"images/v_info_x.png":["images/v_info_x.png"],"images/vertical_dm_change_color_close.png":["images/vertical_dm_change_color_close.png"],"images/vertical_dm_change_color_open.png":["images/vertical_dm_change_color_open.png"],"images/vertical_dm_send_disabled.png":["images/vertical_dm_send_disabled.png"],"images/vertical_dm_send_enabled.png":["images/vertical_dm_send_enabled.png"],"images/video_detail_vertical_dm_close.png":["images/video_detail_vertical_dm_close.png"],"images/video_detail_vertical_dm_open.png":["images/video_detail_vertical_dm_open.png"],"images/webview_refresh.png":["images/webview_refresh.png"],"images/weixinpay.png":["images/weixinpay.png"]}